ID_Usuario;Nombre;Correo_Electronico;Contraseña;Teléfono
1;Adrian Caldeyroux;acaldeyroux0@ed.gov;sP0}dW066ZBz;(383) 9973492
2;Tiebold Baud;tbaud1@loc.gov;aJ0)v)SL;(860) 9726133
3;Eyde Moakler;emoakler2@illinois.edu;gS4{{LY@;(959) 1274233
4;Rachele Heardman;rheardman3@posterous.com;lZ2`.>GPs+tZ&(#1;(855) 5825675
5;Gardy Plott;gplott4@alibaba.com;mO9@pkBsW07E|;(902) 4157740
6;Steve Drayn;sdrayn5@sphinn.com;oU8}Q7.LkoBx;(482) 9605490
7;Mordecai Rogge;mrogge6@canalblog.com;eV9>53A_l;(883) 9485563
8;Winifield Eva;weva7@w3.org;gU4}c$njERUZh;(113) 2881817
9;Moritz Spring;mspring8@dell.com;"lL9?Mj""K""d0H";(686) 5158104
10;Andris Hearne;ahearne9@g.co;jE0\!2FK;(223) 1046202
11;Willi Sloegrave;wsloegravea@usgs.gov;tN9,6IvOX$d++;(512) 1550606
12;Melodie Abramowitz;mabramowitzb@globo.com;oQ4+Li<r;(688) 4079524
13;Silvie Wedderburn;swedderburnc@artisteer.com;lJ5~5M7ChT;(907) 8301141
14;Corby Gullyes;cgullyesd@aboutads.info;"bE2#qc""`Z#Q(.>";(362) 6874967
15;Biddie Hatcliffe;bhatcliffee@un.org;oN8>#,+mVRH+Hz;(183) 3370873
16;Sabina Balentyne;sbalentynef@howstuffworks.com;yX6.KES6Aw~K;(219) 5055867
17;Corey Esposita;cespositag@stanford.edu;jI3,S~WNx0`KyI;(756) 7649238
18;Lyndsie Knappitt;lknappitth@mozilla.org;"bF6""!LC3oR2@.O";(764) 7320701
19;Chaunce Hayer;chayeri@123-reg.co.uk;jA7*\oSox9;(319) 6106321
20;Deloris Hembling;dhemblingj@whitehouse.gov;zO6=ObTAloJZr;(743) 9264658
21;Malynda Skamal;mskamalk@amazonaws.com;pX1/gZAMJ/J;(468) 6820135
22;Desiri Sanpere;dsanperel@ameblo.jp;bI0%YDJL2D)%;(864) 7884570
23;Jolyn Tippett;jtippettm@sohu.com;hR5<2,_G5;(709) 5317799
24;Dee Tosdevin;dtosdevinn@i2i.jp;vM5!8kIvuzz;(632) 1686304
25;Drew Kretschmer;dkretschmero@globo.com;mX0}n)8n#oqb;(985) 6365323
26;Erina Dimitresco;edimitrescop@scribd.com;pO9/2m=G_W;(827) 2998504
27;Jaime Greenhead;jgreenheadq@naver.com;pF5_UTZV$nb;(561) 5998617
28;Malissa Tidbald;mtidbaldr@google.com.au;pJ0+`5fRRh11;(111) 3823485
29;Rock Pinks;rpinkss@bbb.org;xR5,q.&8t1&=);(665) 9919782
30;Jacky Trousdell;jtrousdellt@toplist.cz;bJ4*o@{/Sh3C.ZX;(701) 4570816
31;Dukey Crooke;dcrookeu@ucla.edu;pW4+Og*oNRReh1t;(597) 8907005
32;Drucie Tozer;dtozerv@about.com;"xR9(""gL0|";(827) 9429293
33;Bibby Richings;brichingsw@mozilla.com;"uB8"",ZrKW.6jKq";(336) 2870119
34;Hamil Pilley;hpilleyx@hatena.ne.jp;lF9<,@#`;(637) 7652325
35;Faun Endersby;fendersbyy@loc.gov;zR6,WG$>$%zcso|,;(542) 8035599
36;Daniele Boxe;dboxez@imgur.com;hP4\}6TXEx;(831) 3357765
37;Barnaby Morlon;bmorlon10@clickbank.net;hS0<We#O;(131) 5590323
38;Ruprecht Shelley;rshelley11@unc.edu;fM3+|NqNuE0Y;(980) 9147812
39;Kippie Dyke;kdyke12@home.pl;lL1,1={OGT;(567) 2245135
40;Shaina Endecott;sendecott13@weather.com;rK6&PID1w7j7FPw;(856) 4547931
41;Doreen Nowak;dnowak14@ibm.com;oL1.sSxI1O;(678) 5781898
42;Madeleine Lowy;mlowy15@chicagotribune.com;vB4!e1&TzVyKVcD|;(825) 9207681
43;Gerhard Campo;gcampo16@mapquest.com;aL3}TlGkSC9<;(556) 5750951
44;Dacia Holdall;dholdall17@themeforest.net;uN7{L!{wJsT*`;(300) 4370108
45;Ginger Lonergan;glonergan18@squidoo.com;uN1?F?EN1vYwX;(229) 4009103
46;Ealasaid Christoffersen;echristoffersen19@live.com;lT9=Xmx4;(190) 5210199
47;Kizzie Bestwick;kbestwick1a@biblegateway.com;hA1/gSEms5;(330) 5735096
48;Devin Senescall;dsenescall1b@reuters.com;cG2%ayG(;(407) 3483878
49;Maxi Alldis;malldis1c@aol.com;dW1$ywFzg{Zs;(501) 2153529
50;Ellwood Mulqueeny;emulqueeny1d@ameblo.jp;uB5<swWguhoY;(696) 8487590
51;Bathsheba Vasic;bvasic1e@harvard.edu;wF0)>k1EwZ;(618) 3353356
52;Donella Kienlein;dkienlein1f@fc2.com;nK4$rj+c4\aa`&m;(741) 2662978
53;Gordy Levensky;glevensky1g@posterous.com;jR0{C2OOzhu;(647) 7390738
54;Christie Loosmore;cloosmore1h@google.com.br;tK9*A!t%M_Tu3w;(932) 2103257
55;Delano Byles;dbyles1i@yolasite.com;"zJ5""1wq=vZA";(626) 1020641
56;Elvin Mingauld;emingauld1j@examiner.com;"wI8#.0""C";(668) 8029686
57;Marna Pettinger;mpettinger1k@sourceforge.net;yJ8/7@5GvQ;(451) 4083770
58;Jessey Trees;jtrees1l@cocolog-nifty.com;bW4/!P?+,!H;(828) 2179912
59;Dorothea Bouette;dbouette1m@fda.gov;eP8,{*}{;(181) 9815336
60;Greg Scandred;gscandred1n@surveymonkey.com;qB2@fivFVEg8;(273) 7860765
61;Tanhya Remnant;tremnant1o@naver.com;"fY4((""Hn}agZ";(896) 6424501
62;Lauritz Haydney;lhaydney1p@mit.edu;yP0}UxUs.?M;(432) 7291187
63;Tanner Simenet;tsimenet1q@whitehouse.gov;cD0,Lt7}3z;(486) 4183361
64;Shelby Lindholm;slindholm1r@bbc.co.uk;cK4#PSj(/Cxfk;(587) 5253475
65;Jolynn Enderlein;jenderlein1s@marriott.com;mV1(,Fi?(;(676) 8136479
66;Pauly Duchant;pduchant1t@etsy.com;aZ4)GgsKStY;(739) 5559136
67;Marge Cumbers;mcumbers1u@jiathis.com;pC7#ytrDWHE;(938) 3629269
68;Bridget Lenney;blenney1v@blogtalkradio.com;oE9`wI}/9;(887) 8716650
69;Robinson Ilyas;rilyas1w@behance.net;fR4*6FenS;(870) 3671895
70;Worthy Sedgman;wsedgman1x@intel.com;tB6/z~R(d68/\N;(827) 1332114
71;Augustine Lehr;alehr1y@nbcnews.com;rQ1@v0r*;(950) 7946415
72;Lindsay Alelsandrovich;lalelsandrovich1z@java.com;fS5|&zJ#s%Zv_y;(308) 4444845
73;Mortie Argue;margue20@abc.net.au;kM9?M&>{6+;(598) 8371890
74;Larry Jarmain;ljarmain21@nba.com;pF9|wWGR;(817) 6758031
75;Tonye Stannis;tstannis22@seattletimes.com;pR2\,s.(&OjK9=;(291) 8110958
76;Francesca GiacobbiniJacob;fgiacobbinijacob23@wikipedia.org;qV1@0>jX+Nv,inM;(293) 3002346
77;Chaddie Rains;crains24@skype.com;hF7%|1A%+F;(935) 7798024
78;Morissa Villa;mvilla25@i2i.jp;"lJ7!q3U.q""eKp3h";(815) 9440488
79;Nicki Fost;nfost26@bravesites.com;kH1{Kz{2fS>}P;(338) 6811098
80;Kassandra Forrest;kforrest27@gizmodo.com;lX9<dbtVf~.5W=;(702) 7306677
81;Cathrin Guiel;cguiel28@mail.ru;jI6_3F1qs4}JKFwU;(920) 7983103
82;Sandie Birkbeck;sbirkbeck29@patch.com;gT5/k$&P(XSx;(827) 4206997
83;Olympia Maddick;omaddick2a@newyorker.com;cK1`A`B1$C?;(528) 5563638
84;Yevette Tasch;ytasch2b@privacy.gov.au;cD3_i)pXwU;(221) 9645910
85;Sheena Wasteney;swasteney2c@craigslist.org;yZ6.O5YtGm1)3f;(649) 3140554
86;Leta Herreran;lherreran2d@bigcartel.com;xV3@hzo\50g=wH;(696) 9827638
87;Olivia Checkley;ocheckley2e@unicef.org;tQ6!k9/Q3#XFJ`IO;(456) 6108401
88;Gillie Ferenc;gferenc2f@europa.eu;kT3~6r,oi;(864) 2803515
89;Bel Renyard;brenyard2g@scientificamerican.com;qB4>*8m>g4doy>Zl;(669) 7379106
90;Clifford Di Giacomo;cdi2h@opensource.org;kH8%!e0`40E&yq)U;(752) 2207350
91;Dasi Hardi;dhardi2i@wikispaces.com;dW9@30Jp})s}G8/Z;(934) 9415926
92;Elianora Picot;epicot2j@un.org;zX2|Jt+7DlF)hc;(266) 4375330
93;Shirl Ching;sching2k@about.com;dC6(IX!JhI=6Pf=1;(848) 8585672
94;Towney Shirtcliffe;tshirtcliffe2l@weebly.com;"nJ7+Gp""$y*i5";(453) 1576981
95;Spencer Casaccia;scasaccia2m@issuu.com;vZ4_u4o.gyX|&A;(500) 3413090
96;Doria Gascoyen;dgascoyen2n@scribd.com;xZ0`Uy<g;(988) 9730841
97;Far McMickan;fmcmickan2o@pbs.org;"jM6|""PEv#I";(235) 3513858
98;Zara Wyllt;zwyllt2p@nih.gov;pJ2!)qUD>2&B;(340) 6522745
99;Norry Inglesfield;ninglesfield2q@blogs.com;wK9_$Ix{TgI?Irp;(624) 4158286
100;Gaspard Mobley;gmobley2r@google.de;fA3.nAY`_\adug;(446) 4003254
